エピソードのタイトル,ストリーミング数とダウンロード数,ランク,Episode URI
菌血症の治療期間　7日間 vs 14日間　NEJM,141,1,spotify:episode:6IQ20bLqBF2uQPM7jseCUf
BSI（血流感染症）に対する抗菌薬投与期間の短期 vs 長期比較　eClinicalMedicine,113,2,spotify:episode:6G4KYm35yN1Wk5PR3eHmob
反科学はなぜ広がる？科学界の課題と情報の混沌に立ち向かう術　Nature Reviews Microbiology,103,3,spotify:episode:5CQXxULjIl1IykI3ihgzGP
IEの常識が変わる？！左心系感染性心内膜炎の「点滴から飲み薬へ」新しい治療選択肢を徹底解説　NEJM,101,4,spotify:episode:6OV33HocSfwY9OI2wnw7gK
2024～2025年のCOVID-19ワクチンの有効性に関する中間解析　MMWR,98,5,spotify:episode:0WCtzdP3Epz5wCQ4kX9jG6
感染性心内膜炎の治療革命！？経口抗菌薬への早期切り替えは安全か？ENDO-ORAL研究が示す新たな選択肢と患者のQOL向上　CID,94,6,spotify:episode:5r2uYZRGv4tUeF9qlblbfZ
レビュー：カンジダ血症治療の新常識？「非複雑性」定義で変わる未来と過剰治療の終わり　Lancet ID,91,7,spotify:episode:6wmqpyBFjxN1zVi6qdqZq6
レジオネラ肺炎に対するマクロライド＋キノロン併用療法の有効性評価　IJID,91,8,spotify:episode:6VucUaEfve5R6Zy6F7FDty
流行情報：麻疹 2025年5月現在　病原微生物検出情報（IASR）国立感染症研究所 2025年7月,88,9,spotify:episode:2oVhKLs9YBZ2DlqMfKcHuN
【チクングニア警鐘】2025年フランスの異例な感染拡大から学ぶ、北上する脅威と迫られる公衆衛生戦略の転換　Eurosurveillance,87,10,spotify:episode:2fz3uHjXchGSmH6qYut9Sq
COVID-19禍後における米国小児での風土性ウイルス再流行の動態解析　Lancet ID,87,11,spotify:episode:5MP2qafrM7MlQttbOyBHsH
ガイドライン：結核性髄膜炎　診断と治療の最前線、そして残された課題　Lancet ID,86,12,spotify:episode:5B462EswbfwnvrVqIEecbt
論説：「免疫の傷」？免疫負債だけでは説明できない？コロナが変えた私たちの免疫システムの謎　BMJ,81,13,spotify:episode:4V0nBMOuRb5dte3aRZkohI
HIV陽性のMSMを対象とした9価HPVワクチンの免疫原性評価試験（GeSIDA Study 10017）　CID,81,14,spotify:episode:06VwV6gu1PGs0DPCR1PRii
流行情報：日本におけるSFTSの今　病原微生物検出情報（IASR）国立感染症研究所 2025年8月,80,15,spotify:episode:1KvvuKTIAsgeurz9MUZNkN
PCRによる鼻腔スクリーニングは肺炎患者の抗MRSA薬適正使用を促進する　Antimicrobial Resistance & Infection Control,80,16,spotify:episode:5F2wZuHQz2Ht4kcOfunH0Y
Candida auris 感染患者の地域差に基づく臨床プロファイル比較　Antimicrobial Stewardship & Healthcare Epidemiology,80,17,spotify:episode:2wGPxWo3hF02vOS1HEDOWm
レビュー：5類感染症時代のCOVID‑19の臨床経過と管理　Nature Reviews Microbiology,80,18,spotify:episode:1vQf6jsbUZx7VulM86M92f
レビュー：SARS-CoV-2の生物学と宿主相互作用　Nature Reviews Microbiology,79,19,spotify:episode:6l0YueX1gERHFN0um8nYdH
論説：ワクチン推奨変更の波紋　妊婦と子どものコロナワクチンを巡る混乱の深層　JAMA,78,20,spotify:episode:6h4jjnpkSKt9bXV0wBqt1x
イタリアにおける麻疹の免疫ギャップと発生リスクの評価 Lancet ID,78,21,spotify:episode:0zsLLjOYekLqNl0QVhMyd2
ガイドライン：糖尿病足病変　国際ガイドラインIWGDF-IDSA_2023徹底解説～診断から治療、最新の知見と多角的アプローチ～　CID,76,22,spotify:episode:4XQXcYjjxlMk0Yjt0aPSR5
レビュー：感染症医のためのデバイス感染症の基礎知識　OFID,76,23,spotify:episode:25jUP5h1LX2w8RtdG2jsZB
日本におけるレジオネラ肺炎の全国疫学分析（DPCデータベース研究）　Journal of Epidemiology,76,24,spotify:episode:1teb3AAhmVfZneRN6va7V8
SBT/ABPC vs CTRX、高齢者の市中肺炎患者に対する初期治療として良いのはどっち？　OFID,76,25,spotify:episode:4DzIrAeNLjMXtTwjnFp4Ew
Letter: 日本でのABPC/SBT過少投与による肺炎の治療成績　CID,75,26,spotify:episode:2rn4VeljBGO3gFDD6e9Zw2
市中肺炎の治療期間、3日でも良いか　Lancet,75,27,spotify:episode:3ttMhloFTQlbKhkw1GFfem
症例報告：HIVの稀な神経症状OMASと「CSF血漿HIV-1 RNA不一致」の衝撃　OFID,74,28,spotify:episode:2LJoLQpzSGpWmgzlRqZI35
流行情報：感染症発生動向調査週報（IDWR）国立感染症研究所 2025年第31・32週（第31・32合併号）,74,29,spotify:episode:15L5bTiWlEgnzg0yOGUgwl
狂犬病治療「ミルウォーキープロトコル」再考　CID,74,30,spotify:episode:0cp9l7oyZg4hlsfmkRdCHH
DOXY PEPの不適切な使用の調査、オランダ　Eurosurveillance,73,31,spotify:episode:2ReV1SWJvxLi55KSPFczt7
医療従事者のワクチン接種率向上戦略：多角的介入が行動を変える！〜Eurosurveillanceレビューから紐解く効果的なアプローチ〜　Eurosurveilance,72,32,spotify:episode:7IqmtHHv3WgVeYTiLLTZJp
腸チフス発生率の世界的最新評価 Lancet ID,72,33,spotify:episode:32XRkKm4IWGbrVhP00SjfN
長期介護施設における紫外線殺菌装置の急性呼吸器感染症発症抑制効果　Annals of Internal Medicine,72,34,spotify:episode:1AgwWaqmixwSpufvWotqm9
レビュー：呼吸器ウイルス「同時感染」：あなたの体で繰り広げられる、ウイルスたちの知られざる攻防戦　Nature Reviews Microbiology,71,35,spotify:episode:62U2ZJZGk9ulR31WCUVCkR
レビュー：感染症医のためのアルファ‑ガル症候群入門　OFID,71,36,spotify:episode:2kEsrBLgjO2YdGnbcLjACl
高齢者におけるRSV入院と心血管イベントリスクの増加　Journal of the American Geriatrics Society,71,37,spotify:episode:6DsLvbQSoXxCTwmU4Qt8Cg
レビュー：微生物学者のための機械学習応用　Nature Reviews Microbiology,71,38,spotify:episode:4OBme9XXkcP2Yj59AwpJ3F
レビュー：麻疹2025 現状と展望　NEJM,71,39,spotify:episode:0zQt3PrMK46sj0Zu3FHhay
セフェピム vs カルバペネム：AmpC産生腸内細菌血流感染症の治療成績比較　OFID,70,40,spotify:episode:3psZyLVhi5X4QnJtjxFqce
レビュー：気候変動とヒトの活動が節足動物媒介感染症に与える影響　Nature Reviews Microbiology,70,41,spotify:episode:4o1iHUqDDHUbwyyWYOC9Cn
レビュー：女性における非複雑性尿路感染症の再発　CID,68,42,spotify:episode:7gcsdJyDHYvqCVFdMnUWYB
耐性菌の逆襲！トロイの木馬「セフィデロコル」とカルバペネム耐性大腸菌CRECの知られざる戦い　Journal of Infection,67,43,spotify:episode:1T6n3zcol7MEwjTD1zGtZi
レビュー：カンジダ症の診断と治療に関する包括的な国際ガイドライン　Lancet ID,67,44,spotify:episode:27Z6nSDwA37gPZjy14D2tg
アジスロマイシンの集団投与と肺炎球菌の薬剤耐性　Lancet ID,67,45,spotify:episode:2F6UXGLDV8cFiPhy18OsnF
流行情報：感染症発生動向調査週報（IDWR）国立感染症研究所 2025年第30号,66,46,spotify:episode:2rAWy9q0rSr0mGFeMf2OII
レビュー：耐性菌に対する代替治療戦略　Nature Reviews Microbiology,66,47,spotify:episode:3He0GWhbqKY7tigy306F9R
髄液に対するメタゲノム次世代シーケンス（mNGS）の診断的有用性　CID,66,48,spotify:episode:7umOcp1QurzH9Hfo7k77BZ
腸内細菌目細菌による菌血症のDe-escalation：SIMPLIFY Trial　Lancet ID,65,49,spotify:episode:4l2rQkt21zsbGBPkH4uMWF
レビュー：アフリカにおけるアルテミシニン部分耐性の出現・伝播動態・メカニズム　Nature Reviews Microbiology,64,50,spotify:episode:1sqZtK8fQj9rSuek5MeLnS
アメリカのコロナワクチン政策　FDAの方針とそれに対する反論　NEJM,64,51,spotify:episode:52HUZlBPietv2i3D1T0SNy
レビュー：RSウイルスワクチンとモノクローナル抗体の現状　Lancet ID,64,52,spotify:episode:5mXIvmjfuXklELL6q5ksTQ
腺ペストに対するシプロフロキサシン単剤療法の有効性検証　NEJM,63,53,spotify:episode:3lnAH60c1vtv1dJTGsBaXH
医療ツーリズムに伴うフサリウム性真菌性髄膜炎アウトブレイク：米国における2023年の症例解析　CID,63,54,spotify:episode:7aQ06UKxtzZen9lrOvHdzX
黄色ブドウ球菌菌血症治療の革命？新薬ダルババンシンが患者の選択肢を変えるDOTS試験徹底解説　JAMA,61,55,spotify:episode:3C99REylFmO6xt9mJNgxxX
帯状疱疹ワクチンの有効性　CID,61,56,spotify:episode:6S2PkTckqhDOgknKqvVMsg
Letter ：血液培養陽性と心内膜炎のリスク評価　CID,61,57,spotify:episode:0Kf2WwQIx5vYs4dTjXqekI
土壌伝播寄生虫（STH）感染の地域集団における駆虫戦略の検証　 Lancet,60,58,spotify:episode:4BxYpExh9HLipd6AtUoyeK
レビュー：侵襲性A群レンサ球菌感染症　2022-23年の急増から学んだ教訓　Lancet ID,59,59,spotify:episode:6eiumnGOpcmebt2M6H9Suk
免疫不全患者における経験的広域抗菌薬の使用が、患者の臨床転帰に与える影響　CID,59,60,spotify:episode:6NBIBV3d8Hv3Qd96MqHQyT
COVID-19と認知機能の変化：コミュニティベースコホート研究　JAMA Network Open,59,61,spotify:episode:4eILjpz9cNMntx6TUEoV1P
カルバペネムの事前承認が長期的に与える影響について（佐賀大学医学部附属病院）　JHI,59,62,spotify:episode:72WsdiJVUeDKH6GhnzjD6Z
レビュー：神経梅毒　CID,57,63,spotify:episode:18I6KUyFvOp6a24wnSZVi0
レビュー：南アフリカの経験から学ぶ薬剤耐性結核の疫学、伝播、診断、および管理　Lancet ID,57,64,spotify:episode:04hiqFiosnvvVbHsHinHxJ
日本における性感染症の重複感染の割合　OFID,56,65,spotify:episode:2xJ7oQe08TUHdci0oiaaX5
家庭における曝露後インフルエンザ予防のためのバロキサビル　NEJM,56,66,spotify:episode:291fIgWQBjuqUEbLd2CiwX
COVID-19パンデミック期における脳老化の加速　Nature Communications,54,67,spotify:episode:4CGgXGG7qMycNQisxri1hR
2つのトレポネーマの遺伝子組換えによる播種性梅毒の症例　NEJM,54,68,spotify:episode:6eFEFr0Wx0Rej232upuNYp
レビュー：感染症最前線　What’s Hot This Year in Infectious Diseases Clinical Science　新薬開発・予防戦略・デング熱から鳥インフルエンザH5N1まで、臨床科学の進展と脅威に迫る　CID,53,69,spotify:episode:7vMgErKVCw2FN6RbM7wCIG
レビュー：Enterococcus faecium の進化・適応・病原性・新規治療戦略　Nature Reviews Microbiology,53,70,spotify:episode:1NEQHv7PKLmiCuso3KrzpY
自家製サボテン缶詰（ノパレス）によるボツリヌス症集団発生　MMWR,53,71,spotify:episode:4YRimcYqW2Ti6dRAqIqvej
BCG再接種による結核初感染予防の効果評価　NEJM,52,72,spotify:episode:2G7VER0C2WVXDejjZdpfIB
レビュー：破傷風の疫学、病態生理、臨床的特徴、診断、および治療　Lancet ID,52,73,spotify:episode:0nedkoPWVKXF85DEgURf0F
タイでのSFTSV包括的サーベイランス　EID,51,74,spotify:episode:4lyFQ4EMafokrjI10UWtI6
レビュー：Long COVID（コロナ罹患後症状）の臨床アップデート　 Lancet,50,75,spotify:episode:2YG245a8YW8nM9HhoFBL6E
レビュー：メリオイドーシス（類鼻疽）　 Nature Reviews Microbiology,50,76,spotify:episode:00RLPm4s6kkS8QeYSgSf8s
髄膜炎菌ワクチンMenBによる淋病予防効果　JAMA,50,77,spotify:episode:4L3mpLy1Ladx5q57jVqtyb
ショートリードとロングリードを組み合わせたシーケンシングによるCPEの疫学的解析　Eurosurveillance,50,78,spotify:episode:5jOGqEsJoJkL25FhRuPhgb
レビュー：4つのパンデミックの事例から学ぶ公衆衛生の誤報とインフォデミックの社会史　Lancet ID,50,79,spotify:episode:1XU4CmvAhXpZMJ3v4RhiTZ
レビュー：尿路感染症の病原性・宿主感受性・新規治療戦略　Nature Reviews Microbiology,49,80,spotify:episode:6FdoV3KENja7n7fTwto4pU
レビュー：肺炎球菌（Streptococcus pneumoniae）の疫学・病原性・制御　Nature Reviews Microbiology,49,81,spotify:episode:2AdTvdlXS9TWKfrCdI0ebt
米国におけるテトラサイクリン耐性淋菌の増加　NEJM,49,82,spotify:episode:55zjcwqkXMxazvS14wRAmn
日本でのダニ媒介感染症に感染しやすい気象・地理的因子の解析　OFID,49,83,spotify:episode:6SPVnrjv0zhcwyfTBLP6LV
帯状疱疹ワクチンが認知症に与える影響　Nature,49,84,spotify:episode:0VkAFpCMLNLDOtrw7L086q
レビュー：ポストコロナ時代のヒトメタニューモウイルスの再興　Lancet ID,49,85,spotify:episode:3rXAgrQgnT65hBZRr0SvxK
日本承認抗菌薬に対するASCスコア設定とDASC活用の全国サーベイランス統合に向けた検討　Journal of Infection and Chemotherapy,48,86,spotify:episode:2iJyJwmphGZTofda1arlbh
抗菌薬使用量評価における新指標DASCの提案とDOTとの比較　CID,48,87,spotify:episode:7lmzUN8ZncTfgc71GIdW7B
レビュー：室内での呼吸器感染症伝播を抑制するための設計的対策概要　Annals of Internal Medicine,48,88,spotify:episode:7Hyh7HwEvrmDTfFEODfnsn
Corynebacterium jeikeium complex感染症の主原因としてのCorynebacterium macclintockiaeの分子疫学と薬剤耐性　JCM,48,89,spotify:episode:4h260Kgh1QhgWkrxEhpoIp
COVID-19関連侵襲性肺アスペルギルス症（CAPA）に関する前向き多施設研究　OFID,48,90,spotify:episode:2QzCUxg4PwfAj5IvAyAuKL
レビュー：ノカルジア症への現代的アプローチ　CID,48,91,spotify:episode:1uziVxOPY5u0jS1Pwdz6Yf
健康診断における非ピロリ菌ヘリコバクターの疫学調査　EID,48,92,spotify:episode:7ugkxZrrlXq4D1FC34D7EB
カルバペネム耐性GNRによる肺炎・菌血症におけるコリスチン＋メロペネム併用療法の効果　CID,47,93,spotify:episode:7ppqWwNa8cLLHsHaMSJX6O
ワクチン接種と認知症リスク低減：AS01アジュバントの役割　NPJ Vaccines,47,94,spotify:episode:5QSq0BR0sWjjZjIiMQPqwN
ベトナムのタラロマイセス症リスク因子研究　EID,47,95,spotify:episode:7HSf6kMcuiB9eE63QYd1z4
米国における社会的要因が Long COVID リスクに及ぼす影響　Annals of Internal Medicine,46,96,spotify:episode:7g7TiKqhAdN3MBCNdPTBwF
CFPM vs TAZ/PIPCシリーズ① ACORNランダム化比較試験　JAMA,46,97,spotify:episode:6G8h26TbDnKQyedN7t0SDb
ヨーロッパにおけるスピロプラズマ乳児白内障に関する多施設研究　EID,46,98,spotify:episode:47bE2abILGAlxf60ed7n3M
症例報告：中国雲南省、ヒトにおけるTheileria luwenshuni および新規バベシア属感染症　EID,45,99,spotify:episode:6e0zIizxE5lQaWFDpwHOnc
新型コロナ最新変異株と私たちの免疫：XBBワクチンはまだ有効？深掘り研究で見る防御力の真実　Journal of Infection,45,100,spotify:episode:15S595xiw9LMyX523hnNQj
日本におけるSFTSに対するファビピラビル単群試験の再評価とリアルワールドデータ活用提案　PLOS Neglected Tropical Diseases,45,101,spotify:episode:1mBQuOLWhcUxgSG4cxCFUS
ツツガムシ病重症例に対するドキシサイクリン＋アジスロマイシン併用療法の有効性　NEJM,45,102,spotify:episode:70PVT9xu6b0TOkXu2xRyrI
SARS-CoV-2拡大後、風邪コロナウイルスはどう変化したか　OFID,45,103,spotify:episode:4cksizd6CUk7xpAxmO8wvd
CFPM vs TAZ/PIPCシリーズ③　コライダーバイアスと操作変数法における仮定の重要性　CID,45,104,spotify:episode:5mdDvGk03I2DgSBhswh4Lt
Corynebacterium silvaticum、ドイツのヒト感染例　EID,45,105,spotify:episode:28CtUtNvON2tlhyySwPC3L
日本全国の抗菌薬使用サーベイランスにおけるDASC導入の実現可能性と有用性　Antimicrobial Stewardship & Healthcare Epidemiology,44,106,spotify:episode:2KNIXxxb0OTe3P6BJXxzqc
レビュー：SARS‑CoV‑2の持続感染による影響　Nature Reviews Microbiology,44,107,spotify:episode:2u7Z8Tg1kgD45hsZV2jbb5
介護施設における多剤耐性菌減少のための多成分介入の有効性 クラスター無作為化臨床試験　JAMA Network Open,44,108,spotify:episode:4s6pgaqkIRILr90jMUehY4
CFPM vs TAZ/PIPCシリーズ② 後ろ向きコホート研究　JAMA Internal Medicine,44,109,spotify:episode:4bAyYv8XFhV0YcL78Vn9Wv
レビュー：同種造血細胞移植およびCAR-T療法後のCMVの管理　Lancet ID,44,110,spotify:episode:1qFhWbgmRPsM66aEotUup1
SARS-CoV-2の再感染が長期的な症状に与える影響　CID,44,111,spotify:episode:4bFhT97BuPYTWnxN7Ale7T
小児におけるインフルエンザとオセルタミビルの神経精神有害事象への関連性　JAMA Neurology,43,112,spotify:episode:6Iaz3psReqCQr6s2Ppr1nh
JN.1対応のCOVID‑19ワクチンによる効果 — KP.3.1.1など新系統に対する病院入院および死亡予防　Lancet ID,43,113,spotify:episode:74KziWCJbLasKPuLRyAbM6
レビュー：Long COVIDに対する介入　BMJ,43,114,spotify:episode:52xhjs5Yz5deiSDgzNt0fi
血液培養陽性までの時間と、黄色ブドウ球菌性感染性心内膜炎のリスクとの関係　CID,43,115,spotify:episode:2yYPUCRx9Rm1c0Jiak7S9I
ガイドライン：手指衛生による医療関連感染を予防するための戦略：2022年最新版　ICHE,43,116,spotify:episode:5qAI18LfVzR4aG0NwB1lyj
レビュー：急性期病院における手術部位感染予防戦略：2022年最新版　ICHE,43,117,spotify:episode:1ivjHxwdUJQHHdQrFbrvGV
COVID-19パンデミック前後でのヨーロッパでRSV感染症による入院動向　Eurosurveillance,43,118,spotify:episode:77PqcTmyasqVfOVVO152ZS
レビュー：高齢者におけるワクチンの免疫応答の最適化　lancet ID,43,119,spotify:episode:5pKuaitEmmpoNGxUfPa7ia
スーダンエボラウイルス感染症患者における後遺症　BMC Medicine,42,120,spotify:episode:5h0nmthB3VAWtN7PbS18vf
レビュー：高病原性H5鳥インフルエンザウイルスの進化・拡散・影響　Nature Reviews Microbiology,42,121,spotify:episode:27I6YdBx19U4BVMTCq8eD1
肺炎クラミジアの疫学的変化（2018年～2023年）　Eurosurveillance,42,122,spotify:episode:59b5AZwis4r8cuECCsHzk0
レビュー：チクングニア熱 — 疫学・病態・診断・対応　Nature Reviews Disease Primers,41,123,spotify:episode:5RbYu03lN6ro8iX0b7jfLx
レビュー：COVID‑19治療薬開発と治療オプション　Nature Reviews Microbiology,41,124,spotify:episode:5NcqI3sLAcJJBYHVrH5Y2d
レビュー：腸–気道マイクロバイオーム軸の健康と呼吸器疾患への関与　Nature Reviews Microbiology,41,125,spotify:episode:3PxFbHprwfsUXkoYRx78ZY
1990-2021年におけるAMRの世界的負担：2050年までの予測による系統的分析　Lancet,41,126,spotify:episode:6nhk0CtUpugHuL94UhQHbn
レビュー：Candida auris　現状と今後の展望　Microorganisms,41,127,spotify:episode:3M3ZFhfZ6gc1PyhAP9QICP
日本におけるヒト顆粒球性アナプラズマ症（HGA）の2症例 　EID,41,128,spotify:episode:1rUK4cH93CBI5iLQDZ4spm
腸球菌菌血症に対する経験的抗菌療法の早期投与の影響　CID,41,129,spotify:episode:7wNeH9IFWNUgk5bJrWtWGC
日本におけるリステリア症の臨床・ゲノムサーベイランス　Journal of Infection,40,130,spotify:episode:6KcHwIZPOJaMrq9AzV1X6V
レビュー：グローバルな抗菌薬開発と前臨床パイプラインの展望　Nature Reviews Microbiology,40,131,spotify:episode:0HtOolrQhkqfXJDV0M08HD
レビュー：結核菌の生物学的特性、病原性、および宿主との相互作用　Nature Reviews Microbiology,40,132,spotify:episode:5kdE0UOYg6MJioOCUNmPTY
臨床検査技師は匂いで細菌を嗅ぎ分けられるのか　Heliyon,40,133,spotify:episode:21LGpTYmCGKCZbd1gOQEin
SARS-CoV-2感染は肺炎の長期リスクを増加させる　CID,40,134,spotify:episode:7MTJ2JEXKf1DXSwxryLbqU
日本における3種類のサンプルを用いた自然感染由来SARS‑CoV‑2抗体保有率の比較調査　OFID,39,135,spotify:episode:45IP2jNzb2VfMlunYXFOz2
COVID-19ワクチンと変異株の動的関係：最新の免疫戦略と監視体制の課題　JAMA,39,136,spotify:episode:1BoGi795LnQbqwWek6XKx1
米国小児におけるインフルエンザ関連急性壊死性脳症（ANE）の臨床像　JAMA,39,137,spotify:episode:6AriZxkbQPrx75xY0Ydeza
母体のHIVウイルス量と母子垂直感染リスクの解析　Lancet,39,138,spotify:episode:0uQty8gMeEO5cnAjHIUkaG
免疫抑制患者におけるカンピロバクター症の臨床特徴　OFID,39,139,spotify:episode:5MxLW3qigCsj0MOlSqw6BP
犬咬傷によるヒトSFTS症例、韓国　EID,39,140,spotify:episode:0bhLvDLcmlnpED5nF74Zl6
レビュー：Aspergillus fumigatus の生物学・免疫病原性・薬剤耐性　Nature Reviews Microbiology,39,141,spotify:episode:7mtHc1av1BAoYzKbgVU6Wr
早期抗ヘルペスウイルス療法の効果と臨床アウトカムへの影響　IJID,38,142,spotify:episode:0j6UikXpOhRlzw6YILpF6o
レビュー：発酵食品の生態系における微生物の相互作用と生態学　Nature Reviews Microbiology,38,143,spotify:episode:0g7vJ0oizuMELDehzykK8N
レビュー：緑膿菌の生態学、進化、病原学、抗菌薬感受性　Nature Reviews Microbiology,38,144,spotify:episode:2ofwornnoSNI9CtFFGbCqo
レビュー：眼の感染症　CID,38,145,spotify:episode:6WlKhBtiyKMCYyycyNoeMn
日本紅斑熱（Japanese Spotted Fever）におけるキノロン系薬併用療法の効果検証　IJID,37,146,spotify:episode:6JOcmDDNXubYTud0Mp0vfU
日本におけるパーソナライズドファージ療法導入に向けた実現可能性調査　Journal of Infection and Chemotherapy,37,147,spotify:episode:2TluH0TXGLJ3NMKNLBUUVy
乳児ボツリヌス症の原因として市販ピーナッツバターが確認された英国の症例報告（2024年）　Eurosurveillance,37,148,spotify:episode:5i1ThQT54foxmNbaPkqmsc
黄色ブドウ球菌感染症に対する補助的ホスホマイシン併用療法の効果　CID,37,149,spotify:episode:1BiX5zGnzGZETO69TznPeb
レビュー：世界的な耐性問題と臨床用抗菌薬パイプライン　Nature Reviews Microbiology,37,150,spotify:episode:0ZuiQDP7htREccxpySovM1
米国における高病原性鳥インフルエンザA(H5N1)ウイルスのヒト感染症例　NEJM,37,151,spotify:episode:5BBaliSCP4ACBLiwVmF5UD
COVID-19の免疫不全患者に対するニルマトルビル-リトナビル投与期間の延長（EPIC-IC） Lancet ID,37,152,spotify:episode:1XC67jYc9QKEawChaDnUnW
プロバイオティクスは上気道炎の小児の発熱を短縮する　JAMA Network Open,36,153,spotify:episode:7ic2d7eOXjvVGn7GirYc9T
レビュー：腸内マイクロバイオームと食物繊維：肥満・代謝疾患・がんへの影響　Nature Reviews Microbiology,36,154,spotify:episode:4pEmajQZIFyKQFF14jN48d
4CMenBワクチン接種プログラム5年後の髄膜炎菌感染症および淋菌感染症に対する長期的予防　CID,36,155,spotify:episode:6Bp2TM6aUFnwMZRTY2brSM
「Hero Program」による手指衛生の遵守率の向上　AJIC,36,156,spotify:episode:3t7fWPby0mYG16RNRVAdWv
レビュー：異種移植における感染症のリスク　NEJM,36,157,spotify:episode:2bv69wPIRC9kBVSUabm2bV
チクングニアウイルス様粒子ワクチンの安全性と免疫原性　Lancet,36,158,spotify:episode:4ls14bm14njJOAyEqmL90d
中国におけるチクングニア熱流行 — Foshan市（2025年7月）　China CDC Weekly,35,159,spotify:episode:1hwmHO2psI60Sbc2VZf7NM
CoVerageを用いたゲノム監視によるSARS‑CoV‑2注目変異株の早期検出　Nature Communications,35,160,spotify:episode:3tUWRjyNQMn7i5ofU8xTE8
B細胞欠乏患者における持続的SARS‑CoV‑2感染に対する併用/延長治療　CID,35,161,spotify:episode:37j7V7Lmwu26vwdW0AOJuK
レビュー：抗菌ペプチドの構造、機能、治療の可能性　Nature Reviews Microbiology,35,162,spotify:episode:0VHty6JYMaz1xsjl39HHwU
パルボウイルスB19感染症と神経症状　EID,35,163,spotify:episode:0rMhI94xKsyfHTEUJU8AIk
COVID-19に対するオベルデシビルの有効性と安全性：第3相無作為化二重盲検プラセボ対照試験　Lancet ID,35,164,spotify:episode:5cUkk3Oa5ca3npsVSCuwnc
透析施設におけるCandida aurisの封じ込め　MMWR,35,165,spotify:episode:7qyspJ8UM3g26sJssQTmR1
COVID-19の起源：SAGO最新報告書が示す動物由来説の「今」と、研究所説に残された謎,34,166,spotify:episode:7xqa9kY7GZrk8yaVpbM2rl
レビュー：細菌代謝が抗菌薬耐性に果たす役割　Nature Reviews Microbiology,34,167,spotify:episode:4GOWXVBTu5BpjQzJDch5N1
レビュー：結核菌複合体の生態学的多様性と進化的メカニズム　Nature Reviews Microbiology,34,168,spotify:episode:3GFIwSvBNWIz6lK9eLJiS8
レビュー：Epstein–Barrウイルスの病態形成と新たな制御戦略　Nature Reviews Microbiology,34,169,spotify:episode:5h19VEtHZtVslwCKfxEwdC
レビュー：チクングニアウイルスおよびその他新興関節炎原性アルファウイルス　Nature Reviews Microbiology,34,170,spotify:episode:5gvwNqJBtyIVApsefMiTAw
SARS-CoV-2長期感染における変異株の出現と進化　EID,34,171,spotify:episode:3oqnqKqGTJ36GTDaUj8hsx
レビュー：ヒトの真菌感染症の病態形成　Nature Reviews Microbiology,33,172,spotify:episode:1gkJxY60Cmf1jtg0Sp1DIZ
レビュー：赤痢菌（Shigella sonnei）の疫学・進化・病原性・耐性と宿主相互作用　Nature Reviews Microbiology,33,173,spotify:episode:3Jdn5ftLXScpi14jDb8GeF
レビュー：ウエストナイルウイルス　JAMA,33,174,spotify:episode:0C5SNLyUceMqQAWUxF9C8f
パンデミックの隠れた健康被害：疾患負荷の分析　BMJ,33,175,spotify:episode:5RzXWr1HwlAkHuXSBF1H4T
女性の細菌性膣症に対する男性パートナーへの同時治療の有効性　NEJM,33,176,spotify:episode:548FhOQ7MH8fKRANUSpqvj
単回タフェノキン＋クロロキンによるPlasmodium vivax再発予防（DETECTIVE試験）　Lancet,32,177,spotify:episode:31JlUYf5tVL0tVwvzQ6vVr
ヨーロッパの移民におけるジフテリアのアウトブレイク　NEJM,32,178,spotify:episode:0q8xgof6EjSXhiGnTVzcSe
アルミニウム含有ワクチンと小児期の慢性疾患との関連性　Annals of Internal Medicine,32,179,spotify:episode:0V9WHsqlNUKeFd2vJGGUgp
レビュー：固形臓器および造血幹細胞移植後の糞線虫症　Clinical Transplantation,32,180,spotify:episode:2br0K9WLZgpSdDg523hqkj
ガイドライン：ヒストプラズマ症の無症候性肺結節の治療　CID,32,181,spotify:episode:55NO5LnlkpWFNOjHG0nShg
フィリピンにおけるコウモリのニパウイルス抗体の調査　EID,31,182,spotify:episode:11W1VkfEVhErGzACs5tUkb
次世代COVID-19ワクチンmRNA-1283の有効性、免疫原性、および安全性：第3相臨床試験　Lancet ID,31,183,spotify:episode:3jLSEQFQo9J7VsCzj1Bel0
レビュー：エボラウイルス病の数理モデルと疫学パラメータ　Lancet ID,31,184,spotify:episode:38kuVOX0BZ5zua1k3jwRUw
免疫不全患者における持続性COVID-19に対する自家ウイルス特異的T細胞（auto-VST）療法の有効性と安全性　CID,31,185,spotify:episode:1n4Ra5PBgky2Y84FhD2Ozq
ボディカメラ装着による手指衛生遵守率向上の検討　AJIC,30,186,spotify:episode:4l270hCc2XwHgP2iiw4r4d
DRCにおけるmpoxの臨床像と疫学的評価　Lancet,30,187,spotify:episode:4hsmg3TeNZSdzbZDwZRR0B
非KPC耐性メカニズムに対するβ-ラクタム/β-ラクタマーゼ阻害薬の有効性 Part 2 Burkholderia cepacia complex Stenotrophomonas maltophilia Acinetobacter baumannii　CID,29,188,spotify:episode:4N53WqGdFCgqqRzlo7SqnE
非KPC耐性メカニズムに対するβ-ラクタム/β-ラクタマーゼ阻害薬の有効性 Part 1 腸内細菌目・緑膿菌　CID,29,189,spotify:episode:0uvF6KjRvCUPcMbUsVpq6A
アジスロマイシン集団投与のメリットとリスク　Lancet,29,190,spotify:episode:5JpvAO1ZwQHzZ59XLoBoL9
JN.1系統対応mRNA COVID-19ワクチンの安全性に関する全国コホート研究　JAMA Network Open,27,191,spotify:episode:3dH2qmC0j5pemWu9ZNBEED
イベルメクチンによるマラリア制御のためのクラスタ無作為化試験　NEJM,27,192,spotify:episode:1hnW9cftxkufPIy1OBAd1B
プレXDR結核に対する新規治療レジメンの臨床試験（ENDTB‑Q試験）　The Lancet Respiratory Medicine,27,193,spotify:episode:1d0RBLBxz4tTSoJfwgzphR
レビュー：HIVパンデミックを理解し抑制するための系統学と分子進化学　Nature Reviews Microbiology,27,194,spotify:episode:6MLWJpSQc8p1aWVqNFlnlk
免疫抑制状態におけるペギウイルス関連脳脊髄炎　NEJM,26,195,spotify:episode:7bVrNJVQVkSsYMUrDer5Kz
レビュー：SARS‑CoV‑2スパイクタンパク質の構造・ウイルス侵入メカニズム・変異株の特徴　Nature Reviews Microbiology,26,196,spotify:episode:3tNFNHDyEQ9InSLva4H0jY
バングラデシュのコウモリ由来SARS‑CoV‑1類似ウイルスのゲノム監視　EID,25,197,spotify:episode:6jCO9anzQQXPdjX2DKiq0t
Clade Ibエムポックスウイルスの空気および表面サンプリング　Eurosurveillance,25,198,spotify:episode:6kJXBUArQirRbdLmhTkPXv
レビュー：ヒトマイクロバイオームの獲得と伝播メカニズム　Nature Reviews Microbiology,24,199,spotify:episode:7J6UhoFLgjiYsX4IkS9ccq
アジスロマイシン集団投与によるサハラ以南アフリカの小児の死亡率への影響　NEJM,21,200,spotify:episode:5iwD0oWiRaGcsmSSgMOjCM